,美国,日本,英国,加拿大,德国,法国,意大利,中国,印度,巴西,俄罗斯,南非,韩国,澳大利亚,墨西哥,印度尼西亚,沙特阿拉伯,土耳其,阿根廷,欧元区,G20总计
1980-03-31,930.21,539.5712725014662,240.1988182430865,122.52287079190884,,147.92777079012723,,,,,,,,,,,,,,147.92777079012723,2128.358503116716
1980-06-30,930.21,539.5712725014662,240.1988182430865,122.52287079190884,,147.92777079012723,,,,,,,,,,,,,,147.92777079012723,2128.358503116716
1980-09-30,930.21,539.5712725014662,240.1988182430865,122.52287079190884,,147.92777079012723,,,,,,,,,,,,,,147.92777079012723,2128.358503116716
1980-12-31,930.21,539.5712725014662,240.1988182430865,122.52287079190884,,147.92777079012723,,,,,,,,,,,,,,147.92777079012723,2128.358503116716
1981-03-31,1028.729,657.6636880950858,241.85744825160796,141.57003558261715,,137.91943686179846,,,,,,,,,,,,,,137.91943686179846,2345.6590456529084
1981-06-30,1028.729,657.6636880950858,241.85744825160796,141.57003558261715,,137.91943686179846,,,,,,,,,,,,,,137.91943686179846,2345.6590456529084
1981-09-30,1028.729,657.6636880950858,241.85744825160796,141.57003558261715,,137.91943686179846,,,,,,,,,,,,,,137.91943686179846,2345.6590456529084
1981-12-31,1028.729,657.6636880950858,241.85744825160796,141.57003558261715,,137.91943686179846,,,,,,,,,,,,,,137.91943686179846,2345.6590456529084
1982-03-31,1197.074,668.9356527527473,221.48648570929436,162.69494177676896,,151.48168690288443,,,,,,,,,,,,,,151.48168690288443,2553.15445404458
1982-06-30,1197.074,668.9356527527473,221.48648570929436,162.69494177676896,,151.48168690288443,,,,,,,,,,,,,,151.48168690288443,2553.15445404458
1982-09-30,1197.074,668.9356527527473,221.48648570929436,162.69494177676896,,151.48168690288443,,,,,,,,,,,,,,151.48168690288443,2553.15445404458
1982-12-31,1197.074,668.9356527527473,221.48648570929436,162.69494177676896,,151.48168690288443,,,,,,,,,,,,,,151.48168690288443,2553.15445404458
1983-03-31,1410.702,807.1358436279133,204.74356248294688,195.58511583901335,,153.46230626646022,,,,,,,,,,,,,,153.46230626646022,2925.0911344827937
1983-06-30,1410.702,807.1358436279133,204.74356248294688,195.58511583901335,,153.46230626646022,,,,,,,,,,,,,,153.46230626646022,2925.0911344827937
1983-09-30,1410.702,807.1358436279133,204.74356248294688,195.58511583901335,,153.46230626646022,,,,,,,,,,,,,,153.46230626646022,2925.0911344827937
1983-12-31,1410.702,807.1358436279133,204.74356248294688,195.58511583901335,,153.46230626646022,,,,,,,,,,,,,,153.46230626646022,2925.0911344827937
1984-03-31,1662.966,882.8877890389314,194.8029336525672,214.790850266389,,158.51281140058538,,,,,,,,,,,,,,158.51281140058538,3272.4731957590575
1984-06-30,1662.966,882.8877890389314,194.8029336525672,214.790850266389,,158.51281140058538,,,,,,,,,,,,,,158.51281140058538,3272.4731957590575
1984-09-30,1662.966,882.8877890389314,194.8029336525672,214.790850266389,,158.51281140058538,,,,,,,,,,,,,,158.51281140058538,3272.4731957590575
1984-12-31,1662.966,882.8877890389314,194.8029336525672,214.790850266389,,158.51281140058538,,,,,,,,,,,,,,158.51281140058538,3272.4731957590575
1985-03-31,1945.942,974.7971978629628,202.00138006930175,238.62877687294025,,174.29535471090685,,,,,,,,,,,,,,174.29535471090685,3709.960064227019
1985-06-30,1945.942,974.7971978629628,202.00138006930175,238.62877687294025,,174.29535471090685,,,,,,,,,,,,,,174.29535471090685,3709.960064227019
1985-09-30,1945.942,974.7971978629628,202.00138006930175,238.62877687294025,,174.29535471090685,,,,,,,,,,,,,,174.29535471090685,3709.960064227019
1985-12-31,1945.942,974.7971978629628,202.00138006930175,238.62877687294025,,174.29535471090685,,,,,,,,,,,,,,174.29535471090685,3709.960064227019
1986-03-31,2214.835,1570.5368871729002,248.26161165347392,262.7389096077728,,247.8120959522683,,,,,,,,,,,,,,247.8120959522683,4791.9966003386835
1986-06-30,2214.835,1570.5368871729002,248.26161165347392,262.7389096077728,,247.8120959522683,,,,,,,,,,,,,,247.8120959522683,4791.9966003386835
1986-09-30,2214.835,1570.5368871729002,248.26161165347392,262.7389096077728,,247.8120959522683,,,,,,,,,,,,,,247.8120959522683,4791.9966003386835
1986-12-31,2214.835,1570.5368871729002,248.26161165347392,262.7389096077728,,247.8120959522683,,,,,,,,,,,,,,247.8120959522683,4791.9966003386835
1987-03-31,2431.715,1957.058951447584,292.7147757803562,302.15877598793367,,321.94281336898393,,,,,,,,,,,,,,321.94281336898393,5627.533129953841
1987-06-30,2431.715,1957.058951447584,292.7147757803562,302.15877598793367,,321.94281336898393,,,,,,,,,,,,,,321.94281336898393,5627.533129953841
1987-09-30,2431.715,1957.058951447584,292.7147757803562,302.15877598793367,,321.94281336898393,,,,,,,,,,,,,,321.94281336898393,5627.533129953841
1987-12-31,2431.715,1957.058951447584,292.7147757803562,302.15877598793367,,321.94281336898393,,,,,,,,,,,,,,321.94281336898393,5627.533129953841
1988-03-31,2684.3920000000003,2248.771187085305,337.4280029348985,355.26710026814015,,350.4236256381472,855.4329917083307,,,,,,,,,,,,,1205.8566173464778,8037.571524981299
1988-06-30,2684.3920000000003,2248.771187085305,337.4280029348985,355.26710026814015,,350.4236256381472,855.4329917083307,,,,,,,,,,,,,1205.8566173464778,8037.571524981299
1988-09-30,2684.3920000000003,2248.771187085305,337.4280029348985,355.26710026814015,,350.4236256381472,855.4329917083307,,,,,,,,,,,,,1205.8566173464778,8037.571524981299
1988-12-31,2684.3920000000003,2248.771187085305,337.4280029348985,355.26710026814015,,350.4236256381472,855.4329917083307,,,,,,,,,,,,,1205.8566173464778,8037.571524981299
1989-03-31,2952.994,2042.1035081078885,301.54343743455513,402.646777643581,,361.207847223937,915.9088816596104,,,,,,,51.026884280535555,,,,,,1277.1167288835477,8304.548065233656
1989-06-30,2952.994,2042.1035081078885,301.54343743455513,402.646777643581,,361.207847223937,915.9088816596104,,,,,,,51.026884280535555,,,,,,1277.1167288835477,8304.548065233656
1989-09-30,2952.994,2042.1035081078885,301.54343743455513,402.646777643581,,361.207847223937,915.9088816596104,,,,,,,51.026884280535555,,,,,,1277.1167288835477,8304.548065233656
1989-12-31,2952.994,2042.1035081078885,301.54343743455513,402.646777643581,,361.207847223937,915.9088816596104,,,,,,,51.026884280535555,,,,,,1277.1167288835477,8304.548065233656
1990-03-31,3364.82,2014.5430915482525,311.33464204545584,439.5699840932463,,462.7018054065786,1204.1905926368745,,,,,40.836061702432815,36.23399049287884,51.095772962640645,,,,,,1666.892398043453,9592.218338931814
1990-06-30,3364.82,2014.5430915482525,311.33464204545584,439.5699840932463,,462.7018054065786,1204.1905926368745,,,,,40.836061702432815,36.23399049287884,51.095772962640645,,,,,,1666.892398043453,9592.218338931814
1990-09-30,3364.82,2014.5430915482525,311.33464204545584,439.5699840932463,,462.7018054065786,1204.1905926368745,,,,,40.836061702432815,36.23399049287884,51.095772962640645,,,,,,1666.892398043453,9592.218338931814
1990-12-31,3364.82,2014.5430915482525,311.33464204545584,439.5699840932463,,462.7018054065786,1204.1905926368745,,,,,40.836061702432815,36.23399049287884,51.095772962640645,,,,,,1666.892398043453,9592.218338931814
1991-03-31,3801.698,2275.845824780804,325.48006430335056,500.177879322685,740.6566982911032,475.53503169398914,1315.4067571333587,,207.04384771068317,,,45.85242900574539,39.43296632878046,70.43348727475657,,,52.03248585313757,,,2531.598487118451,12381.193958816842
1991-06-30,3801.698,2275.845824780804,325.48006430335056,500.177879322685,740.6566982911032,475.53503169398914,1315.4067571333587,,207.04384771068317,,,45.85242900574539,39.43296632878046,70.43348727475657,,,52.03248585313757,,,2531.598487118451,12381.193958816842
1991-09-30,3801.698,2275.845824780804,325.48006430335056,500.177879322685,740.6566982911032,475.53503169398914,1315.4067571333587,,207.04384771068317,,,45.85242900574539,39.43296632878046,70.43348727475657,,,52.03248585313757,,,2531.598487118451,12381.193958816842
1991-12-31,3801.698,2275.845824780804,325.48006430335056,500.177879322685,740.6566982911032,475.53503169398914,1315.4067571333587,,207.04384771068317,,,45.85242900574539,39.43296632878046,70.43348727475657,,,52.03248585313757,,,2531.598487118451,12381.193958816842
1992-03-31,4177.009,2657.7561129810774,391.965471919972,524.4279662447259,896.4448975579232,579.5589846406423,1494.7842584638383,,226.9984403123686,,,54.23009844972708,41.400874962275125,89.94917288190868,,,65.52662164485994,,57.10550554929232,2970.7881406624037,14227.945546271014
1992-06-30,4177.009,2657.7561129810774,391.965471919972,524.4279662447259,896.4448975579232,579.5589846406423,1494.7842584638383,,226.9984403123686,,,54.23009844972708,41.400874962275125,89.94917288190868,,,65.52662164485994,,57.10550554929232,2970.7881406624037,14227.945546271014
1992-09-30,4177.009,2657.7561129810774,391.965471919972,524.4279662447259,896.4448975579232,579.5589846406423,1494.7842584638383,,226.9984403123686,,,54.23009844972708,41.400874962275125,89.94917288190868,,,65.52662164485994,,57.10550554929232,2970.7881406624037,14227.945546271014
1992-12-31,4177.009,2657.7561129810774,391.965471919972,524.4279662447259,896.4448975579232,579.5589846406423,1494.7842584638383,,226.9984403123686,,,54.23009844972708,41.400874962275125,89.94917288190868,,,65.52662164485994,,57.10550554929232,2970.7881406624037,14227.945546271014
1993-03-31,4535.687,3304.6167061218807,402.90315896820687,548.5374390357337,946.1736434402006,632.9807423998171,1324.7337401805128,,218.76669593503533,,,58.80543812822415,42.651349477270145,95.71586765739193,,,77.91789328437888,,63.66694941898799,2903.8881260205308,15157.04475006817
1993-06-30,4535.687,3304.6167061218807,402.90315896820687,548.5374390357337,946.1736434402006,632.9807423998171,1324.7337401805128,,218.76669593503533,,,58.80543812822415,42.651349477270145,95.71586765739193,,,77.91789328437888,,63.66694941898799,2903.8881260205308,15157.04475006817
1993-09-30,4535.687,3304.6167061218807,402.90315896820687,548.5374390357337,946.1736434402006,632.9807423998171,1324.7337401805128,,218.76669593503533,,,58.80543812822415,42.651349477270145,95.71586765739193,,,77.91789328437888,,63.66694941898799,2903.8881260205308,15157.04475006817
1993-12-31,4535.687,3304.6167061218807,402.90315896820687,548.5374390357337,946.1736434402006,632.9807423998171,1324.7337401805128,,218.76669593503533,,,58.80543812822415,42.651349477270145,95.71586765739193,,,77.91789328437888,,63.66694941898799,2903.8881260205308,15157.04475006817
1994-03-31,4800.150000000001,4217.03559924976,464.45304413835265,565.329749267721,1060.5665602024844,714.8073893194721,1441.4307514399984,,244.64776373122703,,,68.79974585994457,44.65122520274545,102.35875789000345,,,91.7432045393861,,73.1798944,3216.804700961955,17105.95838620305
1994-06-30,4800.150000000001,4217.03559924976,464.45304413835265,565.329749267721,1060.5665602024844,714.8073893194721,1441.4307514399984,,244.64776373122703,,,68.79974585994457,44.65122520274545,102.35875789000345,,,91.7432045393861,,73.1798944,3216.804700961955,17105.95838620305
1994-09-30,4800.150000000001,4217.03559924976,464.45304413835265,565.329749267721,1060.5665602024844,714.8073893194721,1441.4307514399984,,244.64776373122703,,,68.79974585994457,44.65122520274545,102.35875789000345,,,91.7432045393861,,73.1798944,3216.804700961955,17105.95838620305
1994-12-31,4800.150000000001,4217.03559924976,464.45304413835265,565.329749267721,1060.5665602024844,714.8073893194721,1441.4307514399984,,244.64776373122703,,,68.79974585994457,44.65122520274545,102.35875789000345,,,91.7432045393861,,73.1798944,3216.804700961955,17105.95838620305
1995-03-31,4988.665,5131.088235650584,586.8011643522161,606.4700973768585,1433.6471931213332,922.0686860927826,1402.105704733152,158.15001760779032,255.3534062789193,,,77.05554184696528,48.0743981154281,114.65794459459454,,,106.42940283044054,,79.3421828075,3757.821583947268,19667.73055935583
1995-06-30,4988.665,5131.088235650584,586.8011643522161,606.4700973768585,1433.6471931213332,922.0686860927826,1402.105704733152,158.15001760779032,255.3534062789193,,,77.05554184696528,48.0743981154281,114.65794459459454,,,106.42940283044054,,79.3421828075,3757.821583947268,19667.73055935583
1995-09-30,4988.665,5131.088235650584,586.8011643522161,606.4700973768585,1433.6471931213332,922.0686860927826,1402.105704733152,158.15001760779032,255.3534062789193,,,77.05554184696528,48.0743981154281,114.65794459459454,,,106.42940283044054,,79.3421828075,3757.821583947268,19667.73055935583
1995-12-31,4988.665,5131.088235650584,586.8011643522161,606.4700973768585,1433.6471931213332,922.0686860927826,1402.105704733152,158.15001760779032,255.3534062789193,,,77.05554184696528,48.0743981154281,114.65794459459454,,,106.42940283044054,,79.3421828075,3757.821583947268,19667.73055935583
1996-03-31,5323.1720000000005,4827.582334602877,620.5839937909501,632.1466776384309,1456.5716350402938,968.8469207783072,1563.21667810767,184.30946457104892,263.7634531890777,,,72.19860495158666,47.66014857419319,117.77377486815264,183.82702507504092,,119.32370719893156,,88.58746512250002,3988.635233926271,20458.19911743533
1996-06-30,5323.1720000000005,4827.582334602877,620.5839937909501,632.1466776384309,1456.5716350402938,968.8469207783072,1563.21667810767,184.30946457104892,263.7634531890777,,,72.19860495158666,47.66014857419319,117.77377486815264,183.82702507504092,,119.32370719893156,,88.58746512250002,3988.635233926271,20458.19911743533
1996-09-30,5323.1720000000005,4827.582334602877,620.5839937909501,632.1466776384309,1456.5716350402938,968.8469207783072,1563.21667810767,184.30946457104892,263.7634531890777,,,72.19860495158666,47.66014857419319,117.77377486815264,183.82702507504092,,119.32370719893156,,88.58746512250002,3988.635233926271,20458.19911743533
1996-12-31,5323.1720000000005,4827.582334602877,620.5839937909501,632.1466776384309,1456.5716350402938,968.8469207783072,1563.21667810767,184.30946457104892,263.7634531890777,,,72.19860495158666,47.66014857419319,117.77377486815264,183.82702507504092,,119.32370719893156,,88.58746512250002,3988.635233926271,20458.19911743533
1997-03-31,5502.388,4715.768225825253,688.8616480026183,624.0192145023834,1313.6795201894868,898.4057694088534,1450.2991766211935,197.363663154446,286.9818882841394,,208.61534791011263,72.95719886578932,55.23205192700603,112.86193130860656,204.77345631761733,,127.30078487583472,,92.76601684,3662.384466219534,20214.658360252874
1997-06-30,5502.388,4715.768225825253,688.8616480026183,624.0192145023834,1313.6795201894868,898.4057694088534,1450.2991766211935,197.363663154446,286.9818882841394,,208.61534791011263,72.95719886578932,55.23205192700603,112.86193130860656,204.77345631761733,,127.30078487583472,,92.76601684,3662.384466219534,20214.658360252874
1997-09-30,5502.388,4715.768225825253,688.8616480026183,624.0192145023834,1313.6795201894868,898.4057694088534,1450.2991766211935,197.363663154446,286.9818882841394,,208.61534791011263,72.95719886578932,55.23205192700603,112.86193130860656,204.77345631761733,,127.30078487583472,,92.76601684,3662.384466219534,20214.658360252874
1997-12-31,5502.388,4715.768225825253,688.8616480026183,624.0192145023834,1313.6795201894868,898.4057694088534,1450.2991766211935,197.363663154446,286.9818882841394,,208.61534791011263,72.95719886578932,55.23205192700603,112.86193130860656,204.77345631761733,,127.30078487583472,,92.76601684,3662.384466219534,20214.658360252874
1998-03-31,5614.217000000001,4754.920415598144,694.0557630009934,591.4586,1344.3629964432614,929.6237704336248,1449.4737725170116,211.9694758929803,291.9290466261281,,366.31285135394126,68.31342239291602,52.964959459817216,94.71484446856134,221.3566546325817,,149.01085702400033,,102.0818589275,3723.4605393938978,20660.226828165363
1998-06-30,5614.217000000001,4754.920415598144,694.0557630009934,591.4586,1344.3629964432614,929.6237704336248,1449.4737725170116,211.9694758929803,291.9290466261281,,366.31285135394126,68.31342239291602,52.964959459817216,94.71484446856134,221.3566546325817,,149.01085702400033,,102.0818589275,3723.4605393938978,20660.226828165363
1998-09-30,5614.217000000001,4754.920415598144,694.0557630009934,591.4586,1344.3629964432614,929.6237704336248,1449.4737725170116,211.9694758929803,291.9290466261281,,366.31285135394126,68.31342239291602,52.964959459817216,94.71484446856134,221.3566546325817,,149.01085702400033,,102.0818589275,3723.4605393938978,20660.226828165363
1998-12-31,5614.217000000001,4754.920415598144,694.0557630009934,591.4586,1344.3629964432614,929.6237704336248,1449.4737725170116,211.9694758929803,291.9290466261281,,366.31285135394126,68.31342239291602,52.964959459817216,94.71484446856134,221.3566546325817,,149.01085702400033,,102.0818589275,3723.4605393938978,20660.226828165363
1999-03-31,5776.091,6003.643339984966,682.052284096425,603.5561945345629,1336.050499557496,913.2637333129252,1418.8958049988112,238.52947786066005,326.987999567695,,180.97704609930935,63.90687004008871,78.40323766481409,87.84319468605096,263.02267070719444,,166.55564130133365,,110.33864591,3668.210037869233,21918.327678191567
1999-06-30,5776.091,6003.643339984966,682.052284096425,603.5561945345629,1336.050499557496,913.2637333129252,1418.8958049988112,238.52947786066005,326.987999567695,,180.97704609930935,63.90687004008871,78.40323766481409,87.84319468605096,263.02267070719444,,166.55564130133365,,110.33864591,3668.210037869233,21918.327678191567
1999-09-30,5776.091,6003.643339984966,682.052284096425,603.5561945345629,1336.050499557496,913.2637333129252,1418.8958049988112,238.52947786066005,326.987999567695,,180.97704609930935,63.90687004008871,78.40323766481409,87.84319468605096,263.02267070719444,,166.55564130133365,,110.33864591,3668.210037869233,21918.327678191567
1999-12-31,5776.091,6003.643339984966,682.052284096425,603.5561945345629,1336.050499557496,913.2637333129252,1418.8958049988112,238.52947786066005,326.987999567695,,180.97704609930935,63.90687004008871,78.40323766481409,87.84319468605096,263.02267070719444,,166.55564130133365,,110.33864591,3668.210037869233,21918.327678191567
2000-03-31,5662.216,6737.5420593139725,627.6734736268722,599.0733925728907,1165.219697551346,812.7783658826519,1250.176256444885,277.8902672270261,351.0202878830674,407.6756913291141,145.09486224258814,60.15336403150062,92.68997811854116,81.13191555236243,285.3596843550268,144.28942233047474,164.3132374986664,140.7625147153236,116.0489172375,3228.1743198788827,22349.28370779269
2000-06-30,5662.216,6737.5420593139725,627.6734736268722,599.0733925728907,1165.219697551346,812.7783658826519,1250.176256444885,277.8902672270261,351.0202878830674,407.6756913291141,145.09486224258814,60.15336403150062,92.68997811854116,81.13191555236243,285.3596843550268,144.28942233047474,164.3132374986664,140.7625147153236,116.0489172375,3228.1743198788827,22349.28370779269
2000-09-30,5662.216,6737.5420593139725,627.6734736268722,599.0733925728907,1165.219697551346,812.7783658826519,1250.176256444885,277.8902672270261,351.0202878830674,407.6756913291141,145.09486224258814,60.15336403150062,92.68997811854116,81.13191555236243,285.3596843550268,144.28942233047474,164.3132374986664,140.7625147153236,116.0489172375,3228.1743198788827,22349.28370779269
2000-12-31,5662.216,6737.5420593139725,627.6734736268722,599.0733925728907,1165.219697551346,812.7783658826519,1250.176256444885,277.8902672270261,351.0202878830674,407.6756913291141,145.09486224258814,60.15336403150062,92.68997811854116,81.13191555236243,285.3596843550268,144.28942233047474,164.3132374986664,140.7625147153236,116.0489172375,3228.1743198788827,22349.28370779269
2001-03-31,5943.439,6348.756598932434,576.7466147977553,601.9893476885331,1141.7204245801213,812.9622600407757,1271.817380747914,328.6234738677986,388.8860955164614,377.0425811465019,136.2478281423378,,91.0478565324751,64.93938834454397,297.0515019634101,118.25260945643365,171.52049164800002,152.34176625519734,128.9932487725,3226.500065368811,22178.878533802
2001-06-30,5943.439,6348.756598932434,576.7466147977553,601.9893476885331,1141.7204245801213,812.9622600407757,1271.817380747914,328.6234738677986,388.8860955164614,377.0425811465019,136.2478281423378,,91.0478565324751,64.93938834454397,297.0515019634101,118.25260945643365,171.52049164800002,152.34176625519734,128.9932487725,3226.500065368811,22178.878533802
2001-09-30,5943.439,6348.756598932434,576.7466147977553,601.9893476885331,1141.7204245801213,812.9622600407757,1271.817380747914,328.6234738677986,388.8860955164614,377.0425811465019,136.2478281423378,,91.0478565324751,64.93938834454397,297.0515019634101,118.25260945643365,171.52049164800002,152.34176625519734,128.9932487725,3226.500065368811,22178.878533802
2001-12-31,5943.439,6348.756598932434,576.7466147977553,601.9893476885331,1141.7204245801213,812.9622600407757,1271.817380747914,328.6234738677986,388.8860955164614,377.0425811465019,136.2478281423378,,91.0478565324751,64.93938834454397,297.0515019634101,118.25260945643365,171.52049164800002,152.34176625519734,128.9932487725,3226.500065368811,22178.878533802
2002-03-31,6405.707,6445.598442849398,632.7555384592339,605.507295915376,1257.6893180705326,914.1866221720576,1357.9717219440688,380.69413441437456,434.1142928543241,387.9287136032198,129.81744768740035,,103.1444857824984,59.40788327141007,323.1801539647875,121.97286839426344,182.689044650667,171.79250133215305,143.8526659788658,3529.8476621866594,23587.857793531293
2002-06-30,6405.707,6445.598442849398,632.7555384592339,605.507295915376,1257.6893180705326,914.1866221720576,1357.9717219440688,380.69413441437456,434.1142928543241,387.9287136032198,129.81744768740035,,103.1444857824984,59.40788327141007,323.1801539647875,121.97286839426344,182.689044650667,171.79250133215305,143.8526659788658,3529.8476621866594,23587.857793531293
2002-09-30,6405.707,6445.598442849398,632.7555384592339,605.507295915376,1257.6893180705326,914.1866221720576,1357.9717219440688,380.69413441437456,434.1142928543241,387.9287136032198,129.81744768740035,,103.1444857824984,59.40788327141007,323.1801539647875,121.97286839426344,182.689044650667,171.79250133215305,143.8526659788658,3529.8476621866594,23587.857793531293
2002-12-31,6405.707,6445.598442849398,632.7555384592339,605.507295915376,1257.6893180705326,914.1866221720576,1357.9717219440688,380.69413441437456,434.1142928543241,387.9287136032198,129.81744768740035,,103.1444857824984,59.40788327141007,323.1801539647875,121.97286839426344,182.689044650667,171.79250133215305,143.8526659788658,3529.8476621866594,23587.857793531293
2003-03-31,6997.964,7232.247740351152,755.2880192000011,679.8228156733996,1605.5901979429968,1199.473787400377,1664.308448689081,444.8535763945482,521.9115812200258,399.2152808654813,121.93463803518532,,134.23259163913957,61.676075061153185,322.5491679705237,130.6344420454815,176.02141961599975,204.9904748101818,159.6904077622786,4469.372434032455,27281.777098709463
2003-06-30,6997.964,7232.247740351152,755.2880192000011,679.8228156733996,1605.5901979429968,1199.473787400377,1664.308448689081,444.8535763945482,521.9115812200258,399.2152808654813,121.93463803518532,,134.23259163913957,61.676075061153185,322.5491679705237,130.6344420454815,176.02141961599975,204.9904748101818,159.6904077622786,4469.372434032455,27281.777098709463
2003-09-30,6997.964,7232.247740351152,755.2880192000011,679.8228156733996,1605.5901979429968,1199.473787400377,1664.308448689081,444.8535763945482,521.9115812200258,399.2152808654813,121.93463803518532,,134.23259163913957,61.676075061153185,322.5491679705237,130.6344420454815,176.02141961599975,204.9904748101818,159.6904077622786,4469.372434032455,27281.777098709463
2003-12-31,6997.964,7232.247740351152,755.2880192000011,679.8228156733996,1605.5901979429968,1199.473787400377,1664.308448689081,444.8535763945482,521.9115812200258,399.2152808654813,121.93463803518532,,134.23259163913957,61.676075061153185,322.5491679705237,130.6344420454815,176.02141961599975,204.9904748101818,159.6904077622786,4469.372434032455,27281.777098709463
2004-03-31,7596.143,8293.342317987303,963.8154132918328,738.0773453958511,1853.0082380213355,1410.9657946232087,1898.7721443759872,515.8911033381144,601.999751504445,455.2841312244903,123.09695634574116,,171.34971663445447,73.18756382842507,318.81880700252606,131.8292313516496,162.8212496639998,233.6993026053368,194.09547525913624,5162.746177020532,30898.943719474373
2004-06-30,7596.143,8293.342317987303,963.8154132918328,738.0773453958511,1853.0082380213355,1410.9657946232087,1898.7721443759872,515.8911033381144,601.999751504445,455.2841312244903,123.09695634574116,,171.34971663445447,73.18756382842507,318.81880700252606,131.8292313516496,162.8212496639998,233.6993026053368,194.09547525913624,5162.746177020532,30898.943719474373
2004-09-30,7596.143,8293.342317987303,963.8154132918328,738.0773453958511,1853.0082380213355,1410.9657946232087,1898.7721443759872,515.8911033381144,601.999751504445,455.2841312244903,123.09695634574116,,171.34971663445447,73.18756382842507,318.81880700252606,131.8292313516496,162.8212496639998,233.6993026053368,194.09547525913624,5162.746177020532,30898.943719474373
2004-12-31,7596.143,8293.342317987303,963.8154132918328,738.0773453958511,1853.0082380213355,1410.9657946232087,1898.7721443759872,515.8911033381144,601.999751504445,455.2841312244903,123.09695634574116,,171.34971663445447,73.18756382842507,318.81880700252606,131.8292313516496,162.8212496639998,233.6993026053368,194.09547525913624,5162.746177020532,30898.943719474373
2005-03-31,8170.413,8435.49987043882,1042.7038,828.6839141772597,1942.0455073572875,1494.7807892968483,1980.163565743926,600.4775413252861,675.8157367054581,597.1182662387353,113.46401222167964,,232.94929994403964,75.53833493830089,338.0426465586572,121.81433601183576,122.65338710469436,254.1497356774443,159.55011461776024,5416.9898623980625,32602.853720756095
2005-06-30,8170.413,8435.49987043882,1042.7038,828.6839141772597,1942.0455073572875,1494.7807892968483,1980.163565743926,600.4775413252861,675.8157367054581,597.1182662387353,113.46401222167964,,232.94929994403964,75.53833493830089,338.0426465586572,121.81433601183576,122.65338710469436,254.1497356774443,159.55011461776024,5416.9898623980625,32602.853720756095
2005-09-30,8170.413,8435.49987043882,1042.7038,828.6839141772597,1942.0455073572875,1494.7807892968483,1980.163565743926,600.4775413252861,675.8157367054581,597.1182662387353,113.46401222167964,,232.94929994403964,75.53833493830089,338.0426465586572,121.81433601183576,122.65338710469436,254.1497356774443,159.55011461776024,5416.9898623980625,32602.853720756095
2005-12-31,8170.413,8435.49987043882,1042.7038,828.6839141772597,1942.0455073572875,1494.7807892968483,1980.163565743926,600.4775413252861,675.8157367054581,597.1182662387353,113.46401222167964,,232.94929994403964,75.53833493830089,338.0426465586572,121.81433601183576,122.65338710469436,254.1497356774443,159.55011461776024,5416.9898623980625,32602.853720756095
2006-03-31,8680.224,8013.474211676251,1139.1163606991736,922.4299548660064,2022.657623174655,1515.8814502277962,2081.032639694374,702.731825543762,732.8479599200377,715.515669501544,97.05294027540332,,284.8214489408929,74.37773738804643,365.0202297584467,130.69123843886862,97.3570734873163,246.36693077532112,164.6342616503969,5619.571713096826,33605.805269115124
2006-06-30,8680.224,8013.474211676251,1139.1163606991736,922.4299548660064,2022.657623174655,1515.8814502277962,2081.032639694374,702.731825543762,732.8479599200377,715.515669501544,97.05294027540332,,284.8214489408929,74.37773738804643,365.0202297584467,130.69123843886862,97.3570734873163,246.36693077532112,164.6342616503969,5619.571713096826,33605.805269115124
2006-09-30,8680.224,8013.474211676251,1139.1163606991736,922.4299548660064,2022.657623174655,1515.8814502277962,2081.032639694374,702.731825543762,732.8479599200377,715.515669501544,97.05294027540332,,284.8214489408929,74.37773738804643,365.0202297584467,130.69123843886862,97.3570734873163,246.36693077532112,164.6342616503969,5619.571713096826,33605.805269115124
2006-12-31,8680.224,8013.474211676251,1139.1163606991736,922.4299548660064,2022.657623174655,1515.8814502277962,2081.032639694374,702.731825543762,732.8479599200377,715.515669501544,97.05294027540332,,284.8214489408929,74.37773738804643,365.0202297584467,130.69123843886862,97.3570734873163,246.36693077532112,164.6342616503969,5619.571713096826,33605.805269115124
2007-03-31,9229.172,7920.725014262846,1334.2968755102029,986.768238152872,2218.8911783360663,1739.0023557211048,2299.290090822379,1034.6523455438637,918.088479922919,880.5314050338542,104.40518042643092,,308.9369072397916,82.6364708722619,391.6559050934716,164.7653426071548,71.19232583055363,257.26004332289415,178.65133080316485,6257.18362487955,36378.10511438138
2007-06-30,9229.172,7920.725014262846,1334.2968755102029,986.768238152872,2218.8911783360663,1739.0023557211048,2299.290090822379,1034.6523455438637,918.088479922919,880.5314050338542,104.40518042643092,,308.9369072397916,82.6364708722619,391.6559050934716,164.7653426071548,71.19232583055363,257.26004332289415,178.65133080316485,6257.18362487955,36378.10511438138
2007-09-30,9229.172,7920.725014262846,1334.2968755102029,986.768238152872,2218.8911783360663,1739.0023557211048,2299.290090822379,1034.6523455438637,918.088479922919,880.5314050338542,104.40518042643092,,308.9369072397916,82.6364708722619,391.6559050934716,164.7653426071548,71.19232583055363,257.26004332289415,178.65133080316485,6257.18362487955,36378.10511438138
2007-12-31,9229.172,7920.725014262846,1334.2968755102029,986.768238152872,2218.8911783360663,1739.0023557211048,2299.290090822379,1034.6523455438637,918.088479922919,880.5314050338542,104.40518042643092,,308.9369072397916,82.6364708722619,391.6559050934716,164.7653426071548,71.19232583055363,257.26004332289415,178.65133080316485,6257.18362487955,36378.10511438138
2008-03-31,10699.805,9235.480246498872,1488.9321176470578,1092.605896907217,2481.804972138825,2043.4645457858312,2557.4338012003445,1246.8815946395391,891.5943369759225,1041.5941922841769,123.66674642124958,,270.7999744838407,124.00872120069442,471.648782426767,154.3543666578579,62.666702208,290.8291386725111,194.5688420906009,7082.703319125001,41554.84329736431
2008-06-30,10699.805,9235.480246498872,1488.9321176470578,1092.605896907217,2481.804972138825,2043.4645457858312,2557.4338012003445,1246.8815946395391,891.5943369759225,1041.5941922841769,123.66674642124958,,270.7999744838407,124.00872120069442,471.648782426767,154.3543666578579,62.666702208,290.8291386725111,194.5688420906009,7082.703319125001,41554.84329736431
2008-09-30,10699.805,9235.480246498872,1488.9321176470578,1092.605896907217,2481.804972138825,2043.4645457858312,2557.4338012003445,1246.8815946395391,891.5943369759225,1041.5941922841769,123.66674642124958,,270.7999744838407,124.00872120069442,471.648782426767,154.3543666578579,62.666702208,290.8291386725111,194.5688420906009,7082.703319125001,41554.84329736431
2008-12-31,10699.805,9235.480246498872,1488.9321176470578,1092.605896907217,2481.804972138825,2043.4645457858312,2557.4338012003445,1246.8815946395391,891.5943369759225,1041.5941922841769,123.66674642124958,,270.7999744838407,124.00872120069442,471.648782426767,154.3543666578579,62.666702208,290.8291386725111,194.5688420906009,7082.703319125001,41554.84329736431
2009-03-31,12311.349,10515.882583090111,1566.2950900451783,1124.4983512903495,2517.148721779662,2269.602784568979,2565.6752860806787,1763.6777757349275,976.4919099671888,1078.5800356909567,121.26202036752431,,271.77030558213835,154.3788400348699,393.1020677183139,142.89699407273218,60.02650056800005,280.5709029581356,184.4589831614636,7352.42679242932,45650.09494514052
2009-06-30,12311.349,10515.882583090111,1566.2950900451783,1124.4983512903495,2517.148721779662,2269.602784568979,2565.6752860806787,1763.6777757349275,976.4919099671888,1078.5800356909567,121.26202036752431,,271.77030558213835,154.3788400348699,393.1020677183139,142.89699407273218,60.02650056800005,280.5709029581356,184.4589831614636,7352.42679242932,45650.09494514052
2009-09-30,12311.349,10515.882583090111,1566.2950900451783,1124.4983512903495,2517.148721779662,2269.602784568979,2565.6752860806787,1763.6777757349275,976.4919099671888,1078.5800356909567,121.26202036752431,,271.77030558213835,154.3788400348699,393.1020677183139,142.89699407273218,60.02650056800005,280.5709029581356,184.4589831614636,7352.42679242932,45650.09494514052
2009-12-31,12311.349,10515.882583090111,1566.2950900451783,1124.4983512903495,2517.148721779662,2269.602784568979,2565.6752860806787,1763.6777757349275,976.4919099671888,1078.5800356909567,121.26202036752431,,271.77030558213835,154.3788400348699,393.1020677183139,142.89699407273218,60.02650056800005,280.5709029581356,184.4589831614636,7352.42679242932,45650.09494514052
2010-03-31,14025.215,11856.719367326505,1885.4870974657208,1358.1802662802618,2809.5171517208782,2283.1408058480597,2546.832960547223,2064.7869060889607,1134.4252190017075,1379.0436693986264,154.09283407338015,,323.3733261850834,233.78858051332656,443.8831029989119,199.065472773871,44.50676114133337,306.987536589978,184.0830599960706,7639.49091811616,50872.62003606606
2010-06-30,14025.215,11856.719367326505,1885.4870974657208,1358.1802662802618,2809.5171517208782,2283.1408058480597,2546.832960547223,2064.7869060889607,1134.4252190017075,1379.0436693986264,154.09283407338015,,323.3733261850834,233.78858051332656,443.8831029989119,199.065472773871,44.50676114133337,306.987536589978,184.0830599960706,7639.49091811616,50872.62003606606
2010-09-30,14025.215,11856.719367326505,1885.4870974657208,1358.1802662802618,2809.5171517208782,2283.1408058480597,2546.832960547223,2064.7869060889607,1134.4252190017075,1379.0436693986264,154.09283407338015,,323.3733261850834,233.78858051332656,443.8831029989119,199.065472773871,44.50676114133337,306.987536589978,184.0830599960706,7639.49091811616,50872.62003606606
2010-12-31,14025.215,11856.719367326505,1885.4870974657208,1358.1802662802618,2809.5171517208782,2283.1408058480597,2546.832960547223,2064.7869060889607,1134.4252190017075,1379.0436693986264,154.09283407338015,,323.3733261850834,233.78858051332656,443.8831029989119,199.065472773871,44.50676114133337,306.987536589978,184.0830599960706,7639.49091811616,50872.62003606606
2011-03-31,15222.94,13660.690005846747,2169.0039010087557,1511.5232835088962,3000.883994367628,2547.430183495294,2747.7444765925648,2545.795911853372,1251.4886201860106,1586.2801648102522,211.54841270135736,,397.29278338775686,336.225992272222,505.9480713518524,206.3294413003663,36.34728672,301.224573235035,206.41706480476563,8296.058654455486,56741.17282189836
2011-06-30,15222.94,13660.690005846747,2169.0039010087557,1511.5232835088962,3000.883994367628,2547.430183495294,2747.7444765925648,2545.795911853372,1251.4886201860106,1586.2801648102522,211.54841270135736,,397.29278338775686,336.225992272222,505.9480713518524,206.3294413003663,36.34728672,301.224573235035,206.41706480476563,8296.058654455486,56741.17282189836
2011-09-30,15222.94,13660.690005846747,2169.0039010087557,1511.5232835088962,3000.883994367628,2547.430183495294,2747.7444765925648,2545.795911853372,1251.4886201860106,1586.2801648102522,211.54841270135736,,397.29278338775686,336.225992272222,505.9480713518524,206.3294413003663,36.34728672,301.224573235035,206.41706480476563,8296.058654455486,56741.17282189836
2011-12-31,15222.94,13660.690005846747,2169.0039010087557,1511.5232835088962,3000.883994367628,2547.430183495294,2747.7444765925648,2545.795911853372,1251.4886201860106,1586.2801648102522,211.54841270135736,,397.29278338775686,336.225992272222,505.9480713518524,206.3294413003663,36.34728672,301.224573235035,206.41706480476563,8296.058654455486,56741.17282189836
2012-03-31,16432.73,14181.373668783748,2287.0306137358466,1593.4396723108898,2871.2653236143956,2461.390709675205,2640.6638555096592,2933.867089236261,1242.5194158405172,1518.925458421357,246.60014116160315,,428.60568640921167,425.89635908604447,512.2733198273952,210.69703860550956,22.64787055999999,283.77674521759354,220.77343343850816,7973.31988879926,58487.79629023301
2012-06-30,16432.73,14181.373668783748,2287.0306137358466,1593.4396723108898,2871.2653236143956,2461.390709675205,2640.6638555096592,2933.867089236261,1242.5194158405172,1518.925458421357,246.60014116160315,,428.60568640921167,425.89635908604447,512.2733198273952,210.69703860550956,22.64787055999999,283.77674521759354,220.77343343850816,7973.31988879926,58487.79629023301
2012-09-30,16432.73,14181.373668783748,2287.0306137358466,1593.4396723108898,2871.2653236143956,2461.390709675205,2640.6638555096592,2933.867089236261,1242.5194158405172,1518.925458421357,246.60014116160315,,428.60568640921167,425.89635908604447,512.2733198273952,210.69703860550956,22.64787055999999,283.77674521759354,220.77343343850816,7973.31988879926,58487.79629023301
2012-12-31,16432.73,14181.373668783748,2287.0306137358466,1593.4396723108898,2871.2653236143956,2461.390709675205,2640.6638555096592,2933.867089236261,1242.5194158405172,1518.925458421357,246.60014116160315,,428.60568640921167,425.89635908604447,512.2733198273952,210.69703860550956,22.64787055999999,283.77674521759354,220.77343343850816,7973.31988879926,58487.79629023301
2013-03-31,17156.119,11959.73913496761,2375.925614222155,1617.7116713985345,2948.7916198093653,2662.4887351417437,2838.295833091955,3550.1996132192376,1257.2418344558005,1473.6768022153194,283.0742052741913,,493.4826892338448,480.4863935383187,584.9480757449688,227.0725061809116,16.372704447999993,295.8833041529702,240.10885500411695,8449.576188043064,58911.194780142105
2013-06-30,17156.119,11959.73913496761,2375.925614222155,1617.7116713985345,2948.7916198093653,2662.4887351417437,2838.295833091955,3550.1996132192376,1257.2418344558005,1473.6768022153194,283.0742052741913,,493.4826892338448,480.4863935383187,584.9480757449688,227.0725061809116,16.372704447999993,295.8833041529702,240.10885500411695,8449.576188043064,58911.194780142105
2013-09-30,17156.119,11959.73913496761,2375.925614222155,1617.7116713985345,2948.7916198093653,2662.4887351417437,2838.295833091955,3550.1996132192376,1257.2418344558005,1473.6768022153194,283.0742052741913,,493.4826892338448,480.4863935383187,584.9480757449688,227.0725061809116,16.372704447999993,295.8833041529702,240.10885500411695,8449.576188043064,58911.194780142105
2013-12-31,17156.119,11959.73913496761,2375.925614222155,1617.7116713985345,2948.7916198093653,2662.4887351417437,2838.295833091955,3550.1996132192376,1257.2418344558005,1473.6768022153194,283.0742052741913,,493.4826892338448,480.4863935383187,584.9480757449688,227.0725061809116,16.372704447999993,295.8833041529702,240.10885500411695,8449.576188043064,58911.194780142105
2014-03-31,18141.444,11423.757518752209,2669.17700144469,1544.656503516309,2955.3146714380555,2750.7923986078968,2928.570459786319,4195.945497778619,1368.2946500422663,1513.3404633881155,311.68680704650876,,562.264874210707,499.7387967137524,642.5876195268831,219.54129650124025,12.13002875733334,265.50253947090306,235.24910456783024,8634.677529832272,60874.671761381906
2014-06-30,18141.444,11423.757518752209,2669.17700144469,1544.656503516309,2955.3146714380555,2750.7923986078968,2928.570459786319,4195.945497778619,1368.2946500422663,1513.3404633881155,311.68680704650876,,562.264874210707,499.7387967137524,642.5876195268831,219.54129650124025,12.13002875733334,265.50253947090306,235.24910456783024,8634.677529832272,60874.671761381906
2014-09-30,18141.444,11423.757518752209,2669.17700144469,1544.656503516309,2955.3146714380555,2750.7923986078968,2928.570459786319,4195.945497778619,1368.2946500422663,1513.3404633881155,311.68680704650876,,562.264874210707,499.7387967137524,642.5876195268831,219.54129650124025,12.13002875733334,265.50253947090306,235.24910456783024,8634.677529832272,60874.671761381906
2014-12-31,18141.444,11423.757518752209,2669.17700144469,1544.656503516309,2955.3146714380555,2750.7923986078968,2928.570459786319,4195.945497778619,1368.2946500422663,1513.3404633881155,311.68680704650876,,562.264874210707,499.7387967137524,642.5876195268831,219.54129650124025,12.13002875733334,265.50253947090306,235.24910456783024,8634.677529832272,60874.671761381906
2015-03-31,18922.179,10146.798793690788,2572.667682189304,1432.4394984764715,2438.1285080335583,2367.816733495219,2486.640478688734,4600.541886625567,1452.5067267274308,1292.7268159480411,208.42188637074196,182.54671692723295,569.4535039906636,509.79006939666107,618.4525890614892,232.54255387552703,39.302728192,234.77356033769692,312.6180668917467,7292.585720217512,57912.933519136386
2015-06-30,18922.179,10146.798793690788,2572.667682189304,1432.4394984764715,2438.1285080335583,2367.816733495219,2486.640478688734,4600.541886625567,1452.5067267274308,1292.7268159480411,208.42188637074196,182.54671692723295,569.4535039906636,509.79006939666107,618.4525890614892,232.54255387552703,39.302728192,234.77356033769692,312.6180668917467,7292.585720217512,57912.933519136386
2015-09-30,18922.179,10146.798793690788,2572.667682189304,1432.4394984764715,2438.1285080335583,2367.816733495219,2486.640478688734,4600.541886625567,1452.5067267274308,1292.7268159480411,208.42188637074196,182.54671692723295,569.4535039906636,509.79006939666107,618.4525890614892,232.54255387552703,39.302728192,234.77356033769692,312.6180668917467,7292.585720217512,57912.933519136386
2015-12-31,18922.179,10146.798793690788,2572.667682189304,1432.4394984764715,2438.1285080335583,2367.816733495219,2486.640478688734,4600.541886625567,1452.5067267274308,1292.7268159480411,208.42188637074196,182.54671692723295,569.4535039906636,509.79006939666107,618.4525890614892,232.54255387552703,39.302728192,234.77356033769692,312.6180668917467,7292.585720217512,57912.933519136386
2016-03-31,19976.827,11629.5975787146,2361.7078423795824,1411.8213016802083,2415.669744611279,2424.1121809825067,2532.4088589740313,5695.935175043106,1582.1018168827525,1390.2618082944575,189.59000524234048,173.89094200717483,587.0346702711778,490.22924244850634,611.7617906039086,260.50631711673844,87.37306519466672,241.31090915562112,295.82664934376396,7372.190784567817,61730.15768351423
2016-06-30,19976.827,11629.5975787146,2361.7078423795824,1411.8213016802083,2415.669744611279,2424.1121809825067,2532.4088589740313,5695.935175043106,1582.1018168827525,1390.2618082944575,189.59000524234048,173.89094200717483,587.0346702711778,490.22924244850634,611.7617906039086,260.50631711673844,87.37306519466672,241.31090915562112,295.82664934376396,7372.190784567817,61730.15768351423
2016-09-30,19976.827,11629.5975787146,2361.7078423795824,1411.8213016802083,2415.669744611279,2424.1121809825067,2532.4088589740313,5695.935175043106,1582.1018168827525,1390.2618082944575,189.59000524234048,173.89094200717483,587.0346702711778,490.22924244850634,611.7617906039086,260.50631711673844,87.37306519466672,241.31090915562112,295.82664934376396,7372.190784567817,61730.15768351423
2016-12-31,19976.827,11629.5975787146,2361.7078423795824,1411.8213016802083,2415.669744611279,2424.1121809825067,2532.4088589740313,5695.935175043106,1582.1018168827525,1390.2618082944575,189.59000524234048,173.89094200717483,587.0346702711778,490.22924244850634,611.7617906039086,260.50631711673844,87.37306519466672,241.31090915562112,295.82664934376396,7372.190784567817,61730.15768351423
2017-03-31,20492.747,11406.062310694757,2324.3047954267417,1499.8751621884603,2409.357452790464,2555.7825861624924,2634.637070130253,6758.1204613423515,1847.2556041190944,1707.455468021207,225.28367042233677,214.60203826804417,616.9467278909073,546.0737760275867,625.3788263605902,298.55128603319423,122.54611716266662,238.6012336599839,367.0484001204963,7599.777109083209,64490.40709590483
2017-06-30,20492.747,11406.062310694757,2324.3047954267417,1499.8751621884603,2409.357452790464,2555.7825861624924,2634.637070130253,6758.1204613423515,1847.2556041190944,1707.455468021207,225.28367042233677,214.60203826804417,616.9467278909073,546.0737760275867,625.3788263605902,298.55128603319423,122.54611716266662,238.6012336599839,367.0484001204963,7599.777109083209,64490.40709590483
2017-09-30,20492.747,11406.062310694757,2324.3047954267417,1499.8751621884603,2409.357452790464,2555.7825861624924,2634.637070130253,6758.1204613423515,1847.2556041190944,1707.455468021207,225.28367042233677,214.60203826804417,616.9467278909073,546.0737760275867,625.3788263605902,298.55128603319423,122.54611716266662,238.6012336599839,367.0484001204963,7599.777109083209,64490.40709590483
2017-12-31,20492.747,11406.062310694757,2324.3047954267417,1499.8751621884603,2409.357452790464,2555.7825861624924,2634.637070130253,6758.1204613423515,1847.2556041190944,1707.455468021207,225.28367042233677,214.60203826804417,616.9467278909073,546.0737760275867,625.3788263605902,298.55128603319423,122.54611716266662,238.6012336599839,367.0484001204963,7599.777109083209,64490.40709590483
2018-03-31,21974.096,11713.99912680311,2479.258823119497,1566.1848280407144,2463.9858166721565,2739.574518439036,2816.1404777223306,7862.903783640091,1902.6462333493816,1625.119050716777,225.72817894543044,239.5184550454643,653.1228834882983,596.2244993488978,655.813821412623,317.0902684811309,156.38116507200002,232.60107146092375,447.3879654413557,8019.700812833524,68687.47778003274
2018-06-30,21974.096,11713.99912680311,2479.258823119497,1566.1848280407144,2463.9858166721565,2739.574518439036,2816.1404777223306,7862.903783640091,1902.6462333493816,1625.119050716777,225.72817894543044,239.5184550454643,653.1228834882983,596.2244993488978,655.813821412623,317.0902684811309,156.38116507200002,232.60107146092375,447.3879654413557,8019.700812833524,68687.47778003274
2018-09-30,21974.096,11713.99912680311,2479.258823119497,1566.1848280407144,2463.9858166721565,2739.574518439036,2816.1404777223306,7862.903783640091,1902.6462333493816,1625.119050716777,225.72817894543044,239.5184550454643,653.1228834882983,596.2244993488978,655.813821412623,317.0902684811309,156.38116507200002,232.60107146092375,447.3879654413557,8019.700812833524,68687.47778003274
2018-12-31,21974.096,11713.99912680311,2479.258823119497,1566.1848280407144,2463.9858166721565,2739.574518439036,2816.1404777223306,7862.903783640091,1902.6462333493816,1625.119050716777,225.72817894543044,239.5184550454643,653.1228834882983,596.2244993488978,655.813821412623,317.0902684811309,156.38116507200002,232.60107146092375,447.3879654413557,8019.700812833524,68687.47778003274
2019-03-31,23201.38,12097.965049698956,2442.429835245083,1573.0144881909805,2322.920700492157,2671.1693501241034,2702.6984033919775,8654.708926673866,2127.838934921266,1631.9712184839009,232.76945057233985,251.4654573768481,656.1103310614991,650.6805755076654,676.4268469021617,342.0304936807616,191.6269349439999,246.48981611172465,402.2628077599182,7696.788454008238,70772.74807514744
2019-06-30,23201.38,12097.965049698956,2442.429835245083,1573.0144881909805,2322.920700492157,2671.1693501241034,2702.6984033919775,8654.708926673866,2127.838934921266,1631.9712184839009,232.76945057233985,251.4654573768481,656.1103310614991,650.6805755076654,676.4268469021617,342.0304936807616,191.6269349439999,246.48981611172465,402.2628077599182,7696.788454008238,70772.74807514744
2019-09-30,23201.38,12097.965049698956,2442.429835245083,1573.0144881909805,2322.920700492157,2671.1693501241034,2702.6984033919775,8654.708926673866,2127.838934921266,1631.9712184839009,232.76945057233985,251.4654573768481,656.1103310614991,650.6805755076654,676.4268469021617,342.0304936807616,191.6269349439999,246.48981611172465,402.2628077599182,7696.788454008238,70772.74807514744
2019-12-31,23201.38,12097.965049698956,2442.429835245083,1573.0144881909805,2322.920700492157,2671.1693501241034,2702.6984033919775,8654.708926673866,2127.838934921266,1631.9712184839009,232.76945057233985,251.4654573768481,656.1103310614991,650.6805755076654,676.4268469021617,342.0304936807616,191.6269349439999,246.48981611172465,402.2628077599182,7696.788454008238,70772.74807514744
2020-03-31,27747.798,13058.144964810645,2854.270244385537,1954.8007333220244,2680.6759780102625,3040.6399683434215,2943.014430432963,10352.77451999177,2365.2910053973656,1417.1662695642624,286.0136183240115,255.9330283668326,754.986236769718,758.4181542093846,655.3296204322269,420.94252832736487,238.04183346400004,284.1447208944863,400.4603662389196,8664.330376786647,81133.17659807183
2020-06-30,27747.798,13058.144964810645,2854.270244385537,1954.8007333220244,2680.6759780102625,3040.6399683434215,2943.014430432963,10352.77451999177,2365.2910053973656,1417.1662695642624,286.0136183240115,255.9330283668326,754.986236769718,758.4181542093846,655.3296204322269,420.94252832736487,238.04183346400004,284.1447208944863,400.4603662389196,8664.330376786647,81133.17659807183
2020-09-30,27747.798,13058.144964810645,2854.270244385537,1954.8007333220244,2680.6759780102625,3040.6399683434215,2943.014430432963,10352.77451999177,2365.2910053973656,1417.1662695642624,286.0136183240115,255.9330283668326,754.986236769718,758.4181542093846,655.3296204322269,420.94252832736487,238.04183346400004,284.1447208944863,400.4603662389196,8664.330376786647,81133.17659807183
2020-12-31,27747.798,13058.144964810645,2854.270244385537,1954.8007333220244,2680.6759780102625,3040.6399683434215,2943.014430432963,10352.77451999177,2365.2910053973656,1417.1662695642624,286.0136183240115,255.9330283668326,754.986236769718,758.4181542093846,655.3296204322269,420.94252832736487,238.04183346400004,284.1447208944863,400.4603662389196,8664.330376786647,81133.17659807183
2021-03-31,29617.215,12781.900113279862,3304.606956439049,2277.5422751117894,2960.1904484926185,3343.2597639038777,3175.868448850262,12767.94560081256,2644.259225241469,1485.7735577420838,302.25481354258955,310.6419116416715,872.6291994495937,864.5643448277411,746.429059165567,488.13008691308073,281.1884642266667,331.0943720505143,394.3261317955856,9479.318661246758,88429.13843473334
2021-06-30,29617.215,12781.900113279862,3304.606956439049,2277.5422751117894,2960.1904484926185,3343.2597639038777,3175.868448850262,12767.94560081256,2644.259225241469,1485.7735577420838,302.25481354258955,310.6419116416715,872.6291994495937,864.5643448277411,746.429059165567,488.13008691308073,281.1884642266667,331.0943720505143,394.3261317955856,9479.318661246758,88429.13843473334
2021-09-30,29617.215,12781.900113279862,3304.606956439049,2277.5422751117894,2960.1904484926185,3343.2597639038777,3175.868448850262,12767.94560081256,2644.259225241469,1485.7735577420838,302.25481354258955,310.6419116416715,872.6291994495937,864.5643448277411,746.429059165567,488.13008691308073,281.1884642266667,331.0943720505143,394.3261317955856,9479.318661246758,88429.13843473334
2021-12-31,29617.215,12781.900113279862,3304.606956439049,2277.5422751117894,2960.1904484926185,3343.2597639038777,3175.868448850262,12767.94560081256,2644.259225241469,1485.7735577420838,302.25481354258955,310.6419116416715,872.6291994495937,864.5643448277411,746.429059165567,488.13008691308073,281.1884642266667,331.0943720505143,394.3261317955856,9479.318661246758,88429.13843473334
2022-03-31,31419.689,10584.080039787385,3102.022267205773,2282.561674275571,2706.2127247308676,3111.892877864453,2909.483678529446,13820.548711815907,2749.5967415471378,1638.4254377453185,423.4899200226416,310.22457373010326,833.5769445460197,849.1828288055427,789.2514088052407,529.500406020626,295.098149632,279.41062024197265,534.4734768774165,8727.589281124767,87896.3107633082
2022-06-30,31419.689,10584.080039787385,3102.022267205773,2282.561674275571,2706.2127247308676,3111.892877864453,2909.483678529446,13820.548711815907,2749.5967415471378,1638.4254377453185,423.4899200226416,310.22457373010326,833.5769445460197,849.1828288055427,789.2514088052407,529.500406020626,295.098149632,279.41062024197265,534.4734768774165,8727.589281124767,87896.3107633082
2022-09-30,31419.689,10584.080039787385,3102.022267205773,2282.561674275571,2706.2127247308676,3111.892877864453,2909.483678529446,13820.548711815907,2749.5967415471378,1638.4254377453185,423.4899200226416,310.22457373010326,833.5769445460197,849.1828288055427,789.2514088052407,529.500406020626,295.098149632,279.41062024197265,534.4734768774165,8727.589281124767,87896.3107633082
2022-12-31,31419.689,10584.080039787385,3102.022267205773,2282.561674275571,2706.2127247308676,3111.892877864453,2909.483678529446,13820.548711815907,2749.5967415471378,1638.4254377453185,423.4899200226416,310.22457373010326,833.5769445460197,849.1828288055427,789.2514088052407,529.500406020626,295.098149632,279.41062024197265,534.4734768774165,8727.589281124767,87896.3107633082
2023-03-31,34001.494,10110.379552475,3381.7912000598444,2340.925892022991,2845.6721005229188,3348.8663821208393,3101.514551175944,14984.250306648855,2955.581077599265,1840.572594492746,403.6743206367092,,868.3345932949758,846.2815097053413,946.6055960640372,542.9967551122091,319.69565231999917,327.2343632498699,1004.072049554572,9296.053033819702,93465.9955308758
2023-06-30,34001.494,10110.379552475,3381.7912000598444,2340.925892022991,2845.6721005229188,3348.8663821208393,3101.514551175944,14984.250306648855,2955.581077599265,1840.572594492746,403.6743206367092,,868.3345932949758,846.2815097053413,946.6055960640372,542.9967551122091,319.69565231999917,327.2343632498699,1004.072049554572,9296.053033819702,93465.9955308758
2023-09-30,34001.494,10110.379552475,3381.7912000598444,2340.925892022991,2845.6721005229188,3348.8663821208393,3101.514551175944,14984.250306648855,2955.581077599265,1840.572594492746,403.6743206367092,,868.3345932949758,846.2815097053413,946.6055960640372,542.9967551122091,319.69565231999917,327.2343632498699,1004.072049554572,9296.053033819702,93465.9955308758
2023-12-31,34001.494,10110.379552475,3381.7912000598444,2340.925892022991,2845.6721005229188,3348.8663821208393,3101.514551175944,14984.250306648855,2955.581077599265,1840.572594492746,403.6743206367092,,868.3345932949758,846.2815097053413,946.6055960640372,542.9967551122091,319.69565231999917,327.2343632498699,1004.072049554572,9296.053033819702,93465.9955308758
2024-03-31,36218.605,,3688.5440342792767,2482.613791413536,2977.1356547526793,,3210.0317747274007,16555.83902669654,,,441.3538838285472,,,873.0828812014761,1082.4533457120508,561.159046461969,369.69967236800096,,540.3917994066982,6187.16742948008,75188.07734032827
2024-06-30,36218.605,,3688.5440342792767,2482.613791413536,2977.1356547526793,,3210.0317747274007,16555.83902669654,,,441.3538838285472,,,873.0828812014761,1082.4533457120508,561.159046461969,369.69967236800096,,540.3917994066982,6187.16742948008,75188.07734032827
2024-09-30,36218.605,,3688.5440342792767,2482.613791413536,2977.1356547526793,,3210.0317747274007,16555.83902669654,,,441.3538838285472,,,873.0828812014761,1082.4533457120508,561.159046461969,369.69967236800096,,540.3917994066982,6187.16742948008,75188.07734032827
2024-12-31,36218.605,,3688.5440342792767,2482.613791413536,2977.1356547526793,,3210.0317747274007,16555.83902669654,,,441.3538838285472,,,873.0828812014761,1082.4533457120508,561.159046461969,369.69967236800096,,540.3917994066982,6187.16742948008,75188.07734032827
2025-03-31,36211.469,,,,,,,,,,,,,,,,,,,,36211.469
2025-06-30,36211.469,,,,,,,,,,,,,,,,,,,,36211.469
2025-09-30,36211.469,,,,,,,,,,,,,,,,,,,,36211.469
2025-12-31,36211.469,,,,,,,,,,,,,,,,,,,,36211.469
